session,source_page,source_type
35,https://www.topikguide.com/download-35th-topik-test-papers/,third_party_index
36,https://www.topikguide.com/download-36th-topik-test-papers/,third_party_index
37,https://www.topikguide.com/download-37th-topik-test-papers/,third_party_index
41,https://www.topikguide.com/download-41st-topik-test-papers/,third_party_index
47,https://www.topikguide.com/download-47th-topik-test-papers/,third_party_index
52,https://www.topikguide.com/download-52nd-topik-test-papers/,third_party_index
60,https://www.topikguide.com/download-60th-topik-test-papers/,third_party_index
64,https://www.topikguide.com/download-64th-topik-test-papers/,third_party_index
83,https://www.topikguide.com/download-83rd-topik-test-papers/,third_party_index
91,https://www.topikguide.com/download-91st-topik-test-papers/,third_party_index
96,https://www.topikguide.com/download-96th-topik-test-papers/,third_party_index
102,https://www.topikguide.com/download-102nd-topik-test-papers/,third_party_index
